<?xml version="1.0" encoding="UTF-8"?>
<!--
 This is a WordPress eXtended RSS file generated by WordPress as an export of your site.
 It contains information about your site's posts, pages, comments, categories, and other content.
 You may use this file to transfer that content from one site to another.
 This file is not intended to serve as a complete backup of your site.

 To import this information into a WordPress site follow these steps:
 1. Log in to that site as an administrator.
 2. Go to Tools: Import in the WordPress admin panel.
 3. Install the "WordPress" importer from the list.
 4. Activate & Run Importer.
 5. Upload this file using the form provided on that page.
 6. You will first be asked to map the authors in this export file to users
    on the site. For each author, you may choose to map to an
    existing user on the site or to create a new user.
 7. WordPress will then import each of the posts, pages, comments, categories, etc.
    contained in this file into your site.
-->
<!-- generator="WordPress.com" created="2024-06-28 13:42"-->
<rss version="2.0" xmlns:excerpt="http://wordpress.org/export/1.2/excerpt/" xmlns:content="http://purl.org/rss/1.0/modules/content/" xmlns:wfw="http://wellformedweb.org/CommentAPI/" xmlns:dc="http://purl.org/dc/elements/1.1/" xmlns:wp="http://wordpress.org/export/1.2/">
  <channel>
<title>Mental Health Support</title>
<link>https://qingbotsgedu.wordpress.com</link>
<description/>
<pubDate>Fri, 28 Jun 2024 13:42:24 +0000</pubDate>
<language>en</language>
<wp:wxr_version>1.2</wp:wxr_version>
<wp:base_site_url>http://wordpress.com/</wp:base_site_url>
<wp:base_blog_url>https://qingbotsgedu.wordpress.com</wp:base_blog_url>
<wp:author>
  <wp:author_id>251821863</wp:author_id>
  <wp:author_login>qingbotan</wp:author_login>
  <wp:author_email>qingbo.tan@my.jcu.edu.au</wp:author_email>
  <wp:author_display_name><![CDATA[qingbotan]]></wp:author_display_name>
  <wp:author_first_name><![CDATA[]]></wp:author_first_name>
  <wp:author_last_name><![CDATA[]]></wp:author_last_name>
</wp:author>
<wp:category>
  <wp:term_id>1</wp:term_id>
  <wp:category_nicename>uncategorized</wp:category_nicename>
  <wp:category_parent/>
  <wp:cat_name><![CDATA[Uncategorized]]></wp:cat_name>
</wp:category>
<generator>http://wordpress.com/</generator>
<image>
		<url>http://s0.wp.com/i/buttonw-com.png</url>
		<title>Mental Health Support</title>
		<link>https://qingbotsgedu.wordpress.com</link>
	</image>
	<item>
  <title><![CDATA[Home]]></title>
  <link>https://qingbotsgedu.wordpress.com/about/</link>
  <pubDate>Sat, 08 Jun 2024 07:41:38 +0000</pubDate>
  <dc:creator>qingbotan</dc:creator>
  <guid isPermaLink="false">http://qingbotsgedu.wordpress.com/?page_id=1</guid>
  <description/>
  <content:encoded><![CDATA[<!-- wp:navigation {"ref":10} /-->

<!-- wp:paragraph {"align":"center"} -->
<p class="has-text-align-center"><h1 style="margin-top: 0px;margin-bottom: 0.5rem;line-height: 1.2;font-size: 2.5rem;color: rgb(44, 62, 80);font-family: Arial, sans-serif">Welcome to Mental Health Support Counselling</h1></p>
<!-- /wp:paragraph -->

<!-- wp:paragraph {"align":"center"} -->
<p class="has-text-align-center">We provide compassionate and professional mental health counseling services to help you navigate life’s challenges. Our goal is to help you navigate through life’s challenges with empathy and understanding. Whether you’re dealing with stress, anxiety, depression, or any other mental health concern, we are here to listen and support you.</p>
<!-- /wp:paragraph -->

<!-- wp:paragraph -->
<p></p>
<!-- /wp:paragraph -->

<!-- wp:buttons {"layout":{"type":"flex","justifyContent":"center"}} -->
<div class="wp-block-buttons"><!-- wp:button -->
<div class="wp-block-button"><a class="wp-block-button__link wp-element-button" href="https://qingbotsgedu.wordpress.com/our-services/">Get Started</a></div>
<!-- /wp:button --></div>
<!-- /wp:buttons -->

<!-- wp:paragraph -->
<p></p>
<!-- /wp:paragraph -->

<!-- wp:image {"id":44,"sizeSlug":"large","linkDestination":"none"} -->
<figure class="wp-block-image size-large"><img src="https://qingbotsgedu.wordpress.com/wp-content/uploads/2024/06/home-1.jpg?w=1024" alt="" class="wp-image-44" /></figure>
<!-- /wp:image -->]]></content:encoded>
  <excerpt:encoded><![CDATA[]]></excerpt:encoded>
  <wp:post_id>1</wp:post_id>
  <wp:post_date>2024-06-08 07:41:38</wp:post_date>
  <wp:post_date_gmt>2024-06-08 07:41:38</wp:post_date_gmt>
  <wp:post_modified>2024-06-08 16:36:06</wp:post_modified>
  <wp:post_modified_gmt>2024-06-08 08:36:06</wp:post_modified_gmt>
  <wp:comment_status>closed</wp:comment_status>
  <wp:ping_status>open</wp:ping_status>
  <wp:post_name>about</wp:post_name>
  <wp:status>publish</wp:status>
  <wp:post_parent>0</wp:post_parent>
  <wp:menu_order>0</wp:menu_order>
  <wp:post_type>page</wp:post_type>
  <wp:post_password/>
  <wp:is_sticky>0</wp:is_sticky>
  <wp:postmeta>
    <wp:meta_key>_wp_page_template</wp:meta_key>
    <wp:meta_value><![CDATA[default]]></wp:meta_value>
  </wp:postmeta>
  <wp:postmeta>
    <wp:meta_key>_last_editor_used_jetpack</wp:meta_key>
    <wp:meta_value><![CDATA[block-editor]]></wp:meta_value>
  </wp:postmeta>
</item>
<item>
  <title><![CDATA[Hello World!]]></title>
  <link>https://qingbotsgedu.wordpress.com/2024/06/08/hello-world/</link>
  <pubDate>Sat, 08 Jun 2024 07:36:39 +0000</pubDate>
  <dc:creator>qingbotan</dc:creator>
  <guid isPermaLink="false">https://qingbotsgedu.wordpress.com/2024/06/08/hello-world/</guid>
  <description/>
  <content:encoded><![CDATA[<!-- wp:paragraph -->
<p>Welcome to WordPress! This is your first post. Edit or delete it to take the first step in your blogging journey.</p>
<!-- /wp:paragraph -->]]></content:encoded>
  <excerpt:encoded><![CDATA[]]></excerpt:encoded>
  <wp:post_id>2</wp:post_id>
  <wp:post_date>2024-06-08 07:36:39</wp:post_date>
  <wp:post_date_gmt>2024-06-08 07:36:39</wp:post_date_gmt>
  <wp:post_modified>2024-06-08 07:36:39</wp:post_modified>
  <wp:post_modified_gmt>2024-06-08 07:36:39</wp:post_modified_gmt>
  <wp:comment_status>open</wp:comment_status>
  <wp:ping_status>open</wp:ping_status>
  <wp:post_name>hello-world</wp:post_name>
  <wp:status>publish</wp:status>
  <wp:post_parent>0</wp:post_parent>
  <wp:menu_order>0</wp:menu_order>
  <wp:post_type>post</wp:post_type>
  <wp:post_password/>
  <wp:is_sticky>0</wp:is_sticky>
  <category domain="category" nicename="uncategorized"><![CDATA[Uncategorized]]></category>
  <wp:postmeta>
    <wp:meta_key>_headstart_post</wp:meta_key>
    <wp:meta_value><![CDATA[_hs_extra]]></wp:meta_value>
  </wp:postmeta>
  <wp:postmeta>
    <wp:meta_key>sharing_disabled</wp:meta_key>
    <wp:meta_value><![CDATA[a:1:{i:0;N;}]]></wp:meta_value>
  </wp:postmeta>
  <wp:postmeta>
    <wp:meta_key>switch_like_status</wp:meta_key>
    <wp:meta_value><![CDATA[a:1:{i:0;N;}]]></wp:meta_value>
  </wp:postmeta>
  <wp:postmeta>
    <wp:meta_key>_starter_page_template</wp:meta_key>
    <wp:meta_value><![CDATA[]]></wp:meta_value>
  </wp:postmeta>
  <wp:postmeta>
    <wp:meta_key>_hs_old_id</wp:meta_key>
    <wp:meta_value><![CDATA[4]]></wp:meta_value>
  </wp:postmeta>
  <wp:postmeta>
    <wp:meta_key>_wpas_skip_all_services</wp:meta_key>
    <wp:meta_value><![CDATA[1]]></wp:meta_value>
  </wp:postmeta>
  <wp:postmeta>
    <wp:meta_key>_publicize_pending</wp:meta_key>
    <wp:meta_value><![CDATA[1]]></wp:meta_value>
  </wp:postmeta>
</item>
<item>
  <title><![CDATA[Custom Styles]]></title>
  <link>https://qingbotsgedu.wordpress.com/2024/06/08/wp-global-styles-pub%2ftwentytwentyfour/</link>
  <pubDate>Sat, 08 Jun 2024 07:42:40 +0000</pubDate>
  <dc:creator>qingbotan</dc:creator>
  <guid isPermaLink="false">https://qingbotsgedu.wordpress.com/2024/06/08/wp-global-styles-pub%2ftwentytwentyfour/</guid>
  <description/>
  <content:encoded><![CDATA[{"version":3,"isGlobalStylesUserThemeJSON":true}]]></content:encoded>
  <excerpt:encoded><![CDATA[]]></excerpt:encoded>
  <wp:post_id>3</wp:post_id>
  <wp:post_date>2024-06-08 15:42:40</wp:post_date>
  <wp:post_date_gmt>2024-06-08 07:42:40</wp:post_date_gmt>
  <wp:post_modified>2024-06-08 15:42:40</wp:post_modified>
  <wp:post_modified_gmt>2024-06-08 07:42:40</wp:post_modified_gmt>
  <wp:comment_status>closed</wp:comment_status>
  <wp:ping_status>closed</wp:ping_status>
  <wp:post_name>wp-global-styles-pub%2ftwentytwentyfour</wp:post_name>
  <wp:status>publish</wp:status>
  <wp:post_parent>0</wp:post_parent>
  <wp:menu_order>0</wp:menu_order>
  <wp:post_type>wp_global_styles</wp:post_type>
  <wp:post_password/>
  <wp:is_sticky>0</wp:is_sticky>
  <category domain="wp_theme" nicename="twentytwentyfour"><![CDATA[twentytwentyfour]]></category>
  <wp:postmeta>
    <wp:meta_key>_publicize_pending</wp:meta_key>
    <wp:meta_value><![CDATA[1]]></wp:meta_value>
  </wp:postmeta>
</item>
<item>
  <title><![CDATA[Custom Styles]]></title>
  <link>https://qingbotsgedu.wordpress.com/2024/06/08/wp-global-styles-pub%2fassembler/</link>
  <pubDate>Sat, 08 Jun 2024 07:43:14 +0000</pubDate>
  <dc:creator>qingbotan</dc:creator>
  <guid isPermaLink="false">https://qingbotsgedu.wordpress.com/2024/06/08/wp-global-styles-pub%2fassembler/</guid>
  <description/>
  <content:encoded><![CDATA[{"version":3,"isGlobalStylesUserThemeJSON":true}]]></content:encoded>
  <excerpt:encoded><![CDATA[]]></excerpt:encoded>
  <wp:post_id>4</wp:post_id>
  <wp:post_date>2024-06-08 15:43:14</wp:post_date>
  <wp:post_date_gmt>2024-06-08 07:43:14</wp:post_date_gmt>
  <wp:post_modified>2024-06-08 15:43:20</wp:post_modified>
  <wp:post_modified_gmt>2024-06-08 07:43:20</wp:post_modified_gmt>
  <wp:comment_status>closed</wp:comment_status>
  <wp:ping_status>closed</wp:ping_status>
  <wp:post_name>wp-global-styles-pub%2fassembler</wp:post_name>
  <wp:status>publish</wp:status>
  <wp:post_parent>0</wp:post_parent>
  <wp:menu_order>0</wp:menu_order>
  <wp:post_type>wp_global_styles</wp:post_type>
  <wp:post_password/>
  <wp:is_sticky>0</wp:is_sticky>
  <category domain="wp_theme" nicename="assembler"><![CDATA[assembler]]></category>
  <wp:postmeta>
    <wp:meta_key>_publicize_pending</wp:meta_key>
    <wp:meta_value><![CDATA[1]]></wp:meta_value>
  </wp:postmeta>
</item>
<item>
  <title><![CDATA[Home]]></title>
  <link>https://qingbotsgedu.wordpress.com/2024/06/08/home/</link>
  <pubDate>Sat, 08 Jun 2024 07:43:16 +0000</pubDate>
  <dc:creator>qingbotan</dc:creator>
  <guid isPermaLink="false">https://qingbotsgedu.wordpress.com/2024/06/08/home/</guid>
  <description/>
  <content:encoded><![CDATA[<!-- wp:template-part {"slug":"header","theme":"assembler","tagName":"header"} /-->

<!-- wp:group {"tagName":"main","style":{"spacing":{"blockGap":"0"}}} -->
<main class="wp-block-group"><!-- wp:navigation {"ref":10} /-->

<!-- wp:group {"metadata":{"name":"Intro"},"align":"full","className":"alignfull","style":{"spacing":{"padding":{"top":"calc( 0.5 * var(\u002d\u002dwp\u002d\u002dstyle\u002d\u002droot\u002d\u002dpadding-right, var(\u002d\u002dwp\u002d\u002dcustom\u002d\u002dgap\u002d\u002dhorizontal)))","bottom":"calc( 0.5 * var(\u002d\u002dwp\u002d\u002dstyle\u002d\u002droot\u002d\u002dpadding-right, var(\u002d\u002dwp\u002d\u002dcustom\u002d\u002dgap\u002d\u002dhorizontal)))","left":"var(\u002d\u002dwp\u002d\u002dstyle\u002d\u002droot\u002d\u002dpadding-left, var(\u002d\u002dwp\u002d\u002dcustom\u002d\u002dgap\u002d\u002dhorizontal))","right":"var(\u002d\u002dwp\u002d\u002dstyle\u002d\u002droot\u002d\u002dpadding-right, var(\u002d\u002dwp\u002d\u002dcustom\u002d\u002dgap\u002d\u002dhorizontal))"},"margin":{"top":"0","bottom":"0"}}},"layout":{"type":"constrained","justifyContent":"center"}} -->
<div class="wp-block-group alignfull" style="margin-top:0;margin-bottom:0;padding-top:calc( 0.5 * var(--wp--style--root--padding-right, var(--wp--custom--gap--horizontal)));padding-right:var(--wp--style--root--padding-right, var(--wp--custom--gap--horizontal));padding-bottom:calc( 0.5 * var(--wp--style--root--padding-right, var(--wp--custom--gap--horizontal)));padding-left:var(--wp--style--root--padding-left, var(--wp--custom--gap--horizontal))"><!-- wp:spacer {"height":"calc( 0.25 * var(\u002d\u002dwp\u002d\u002dstyle\u002d\u002droot\u002d\u002dpadding-right, var(\u002d\u002dwp\u002d\u002dcustom\u002d\u002dgap\u002d\u002dhorizontal)))"} -->
<div style="height:calc( 0.25 * var(--wp--style--root--padding-right, var(--wp--custom--gap--horizontal)))" aria-hidden="true" class="wp-block-spacer"></div>
<!-- /wp:spacer -->

<!-- wp:group {"metadata":{"name":"Content"},"layout":{"type":"constrained","contentSize":"580px"}} -->
<div class="wp-block-group"><!-- wp:heading {"textAlign":"center","align":"wide","fontSize":"xx-large"} -->
<h2 class="wp-block-heading alignwide has-text-align-center has-xx-large-font-size">Welcome to Mental Health Support Counselling</h2>
<!-- /wp:heading -->

<!-- wp:paragraph {"align":"center"} -->
<p class="has-text-align-center">We provide compassionate and professional mental health counseling services to help you navigate life's challenges. Our goal is to help you navigate through life's challenges with empathy and understanding. Whether you're dealing with stress, anxiety, depression, or any other mental health concern, we are here to listen and support you.</p>
<!-- /wp:paragraph -->

<!-- wp:buttons {"layout":{"type":"flex","justifyContent":"center"}} -->
<div class="wp-block-buttons"><!-- wp:button {"textAlign":"center"} -->
<div class="wp-block-button"><a class="wp-block-button__link has-text-align-center wp-element-button">Get Started</a></div>
<!-- /wp:button --></div>
<!-- /wp:buttons --></div>
<!-- /wp:group -->

<!-- wp:spacer {"height":"var:preset|spacing|30"} -->
<div style="height:var(--wp--preset--spacing--30)" aria-hidden="true" class="wp-block-spacer"></div>
<!-- /wp:spacer -->

<!-- wp:image {"id":11,"sizeSlug":"full","linkDestination":"none","align":"wide"} -->
<figure class="wp-block-image alignwide size-full"><img src="https://qingbotsgedu.wordpress.com/wp-content/uploads/2024/06/home.jpg" alt="" class="wp-image-11" /></figure>
<!-- /wp:image -->

<!-- wp:spacer {"height":"calc( 0.25 * var(\u002d\u002dwp\u002d\u002dstyle\u002d\u002droot\u002d\u002dpadding-right, var(\u002d\u002dwp\u002d\u002dcustom\u002d\u002dgap\u002d\u002dhorizontal)))"} -->
<div style="height:calc( 0.25 * var(--wp--style--root--padding-right, var(--wp--custom--gap--horizontal)))" aria-hidden="true" class="wp-block-spacer"></div>
<!-- /wp:spacer --></div>
<!-- /wp:group --></main>
<!-- /wp:group -->

<!-- wp:template-part {"slug":"footer","theme":"assembler","tagName":"footer","className":"site-footer-container"} /-->]]></content:encoded>
  <excerpt:encoded><![CDATA[Displays the latest posts as either the site homepage or as the "Posts page" as defined under reading settings. If it exists, the Front Page template overrides this template when posts are shown on the homepage.]]></excerpt:encoded>
  <wp:post_id>5</wp:post_id>
  <wp:post_date>2024-06-08 15:43:16</wp:post_date>
  <wp:post_date_gmt>2024-06-08 07:43:16</wp:post_date_gmt>
  <wp:post_modified>2024-06-08 16:10:44</wp:post_modified>
  <wp:post_modified_gmt>2024-06-08 08:10:44</wp:post_modified_gmt>
  <wp:comment_status>closed</wp:comment_status>
  <wp:ping_status>closed</wp:ping_status>
  <wp:post_name>home</wp:post_name>
  <wp:status>publish</wp:status>
  <wp:post_parent>0</wp:post_parent>
  <wp:menu_order>0</wp:menu_order>
  <wp:post_type>wp_template</wp:post_type>
  <wp:post_password/>
  <wp:is_sticky>0</wp:is_sticky>
  <category domain="wp_theme" nicename="assembler"><![CDATA[assembler]]></category>
  <wp:postmeta>
    <wp:meta_key>is_wp_suggestion</wp:meta_key>
    <wp:meta_value><![CDATA[1]]></wp:meta_value>
  </wp:postmeta>
</item>
<item>
  <title><![CDATA[Header]]></title>
  <link>https://qingbotsgedu.wordpress.com/2024/06/08/header/</link>
  <pubDate>Sat, 08 Jun 2024 07:43:17 +0000</pubDate>
  <dc:creator>qingbotan</dc:creator>
  <guid isPermaLink="false">https://qingbotsgedu.wordpress.com/2024/06/08/header/</guid>
  <description/>
  <content:encoded><![CDATA[<!-- wp:group {"metadata":{"name":"Header"},"align":"full","style":{"spacing":{"padding":{"top":"0","bottom":"0","left":"var(\u002d\u002dwp\u002d\u002dstyle\u002d\u002droot\u002d\u002dpadding-left, var(\u002d\u002dwp\u002d\u002dcustom\u002d\u002dgap\u002d\u002dhorizontal))","right":"var(\u002d\u002dwp\u002d\u002dstyle\u002d\u002droot\u002d\u002dpadding-right, var(\u002d\u002dwp\u002d\u002dcustom\u002d\u002dgap\u002d\u002dhorizontal))"},"margin":{"top":"0","bottom":"0"}}},"layout":{"type":"constrained","justifyContent":"center"}} -->
<div class="wp-block-group alignfull" style="margin-top:0;margin-bottom:0;padding-top:0;padding-right:var(--wp--style--root--padding-right, var(--wp--custom--gap--horizontal));padding-bottom:0;padding-left:var(--wp--style--root--padding-left, var(--wp--custom--gap--horizontal))"><!-- wp:group {"tagName":"header","metadata":{"name":"Contents"},"align":"wide","style":{"spacing":{"margin":{"top":"0","bottom":"0"},"padding":{"top":"var:preset|spacing|30","bottom":"var:preset|spacing|30"}}},"layout":{"type":"flex","flexWrap":"nowrap","justifyContent":"space-between"}} -->
<header class="wp-block-group alignwide" style="margin-top:0;margin-bottom:0;padding-top:var(--wp--preset--spacing--30);padding-bottom:var(--wp--preset--spacing--30)"><!-- wp:group {"layout":{"type":"flex","flexWrap":"nowrap"}} -->
<div class="wp-block-group"><!-- wp:group {"className":"order-1 md:order-0","layout":{"type":"flex","flexWrap":"nowrap"}} -->
<div class="wp-block-group order-1 md:order-0"><!-- wp:site-title /-->

<!-- wp:columns -->
<div class="wp-block-columns"><!-- wp:column {"width":"100%"} -->
<div class="wp-block-column" style="flex-basis:100%"><!-- wp:group {"layout":{"type":"constrained"}} -->
<div class="wp-block-group"></div>
<!-- /wp:group --></div>
<!-- /wp:column --></div>
<!-- /wp:columns --></div>
<!-- /wp:group --></div>
<!-- /wp:group -->

<!-- wp:group {"style":{"spacing":{"blockGap":"var:preset|spacing|20"}},"layout":{"type":"flex","flexWrap":"nowrap"}} -->
<div class="wp-block-group"><!-- wp:social-links {"className":"is-style-logos-only","style":{"spacing":{"blockGap":{"top":"8px","left":"8px"}}}} -->
<ul class="wp-block-social-links is-style-logos-only"><!-- wp:social-link {"url":"#","service":"facebook"} /-->

<!-- wp:social-link {"url":"#","service":"instagram"} /--></ul>
<!-- /wp:social-links --></div>
<!-- /wp:group --></header>
<!-- /wp:group --></div>
<!-- /wp:group -->]]></content:encoded>
  <excerpt:encoded><![CDATA[]]></excerpt:encoded>
  <wp:post_id>6</wp:post_id>
  <wp:post_date>2024-06-08 15:43:17</wp:post_date>
  <wp:post_date_gmt>2024-06-08 07:43:17</wp:post_date_gmt>
  <wp:post_modified>2024-06-08 16:10:42</wp:post_modified>
  <wp:post_modified_gmt>2024-06-08 08:10:42</wp:post_modified_gmt>
  <wp:comment_status>closed</wp:comment_status>
  <wp:ping_status>closed</wp:ping_status>
  <wp:post_name>header</wp:post_name>
  <wp:status>publish</wp:status>
  <wp:post_parent>0</wp:post_parent>
  <wp:menu_order>0</wp:menu_order>
  <wp:post_type>wp_template_part</wp:post_type>
  <wp:post_password/>
  <wp:is_sticky>0</wp:is_sticky>
  <category domain="wp_template_part_area" nicename="header"><![CDATA[header]]></category>
  <category domain="wp_theme" nicename="assembler"><![CDATA[assembler]]></category>
  <wp:postmeta>
    <wp:meta_key>origin</wp:meta_key>
    <wp:meta_value><![CDATA[theme]]></wp:meta_value>
  </wp:postmeta>
</item>
<item>
  <title><![CDATA[Footer]]></title>
  <link>https://qingbotsgedu.wordpress.com/2024/06/08/footer/</link>
  <pubDate>Sat, 08 Jun 2024 07:43:18 +0000</pubDate>
  <dc:creator>qingbotan</dc:creator>
  <guid isPermaLink="false">https://qingbotsgedu.wordpress.com/2024/06/08/footer/</guid>
  <description/>
  <content:encoded><![CDATA[<!-- wp:group {"align":"full","className":"has-background-color","style":{"spacing":{"padding":{"top":"var:preset|spacing|50","right":"var:preset|spacing|30","bottom":"var:preset|spacing|50","left":"var:preset|spacing|30"},"margin":{"top":"0","bottom":"0"}}},"layout":{"type":"default"}} -->
<div class="wp-block-group alignfull has-background-color" style="margin-top:0;margin-bottom:0;padding-top:var(--wp--preset--spacing--50);padding-right:var(--wp--preset--spacing--30);padding-bottom:var(--wp--preset--spacing--50);padding-left:var(--wp--preset--spacing--30)"><!-- wp:group {"align":"full","style":{"spacing":{"blockGap":"0"}},"fontSize":"small","layout":{"type":"flex","justifyContent":"space-between","flexWrap":"nowrap"}} -->
<div class="wp-block-group alignfull has-small-font-size"><!-- wp:site-title {"style":{"layout":{"selfStretch":"fixed","flexSize":"25%"}},"fontSize":"small"} /-->

<!-- wp:group {"style":{"layout":{"selfStretch":"fill","flexSize":null}},"layout":{"type":"flex","orientation":"vertical","justifyContent":"center"}} -->
<div class="wp-block-group"><!-- wp:paragraph {"align":"center","fontSize":"small"} -->
<p class="has-text-align-center has-small-font-size">© 2024 Mental Health Support Counselling. All rights reserved.</p>
<!-- /wp:paragraph --></div>
<!-- /wp:group -->

<!-- wp:social-links {"size":"has-small-icon-size","className":"is-style-logos-only","style":{"spacing":{"blockGap":{"top":"0","left":"12px"}},"layout":{"selfStretch":"fixed","flexSize":"25%"}},"layout":{"type":"flex","flexWrap":"nowrap","justifyContent":"right"}} -->
<ul class="wp-block-social-links has-small-icon-size is-style-logos-only"><!-- wp:social-link {"url":"#","service":"twitter"} /-->

<!-- wp:social-link {"url":"#","service":"instagram"} /--></ul>
<!-- /wp:social-links --></div>
<!-- /wp:group --></div>
<!-- /wp:group -->]]></content:encoded>
  <excerpt:encoded><![CDATA[]]></excerpt:encoded>
  <wp:post_id>7</wp:post_id>
  <wp:post_date>2024-06-08 15:43:18</wp:post_date>
  <wp:post_date_gmt>2024-06-08 07:43:18</wp:post_date_gmt>
  <wp:post_modified>2024-06-08 15:45:02</wp:post_modified>
  <wp:post_modified_gmt>2024-06-08 07:45:02</wp:post_modified_gmt>
  <wp:comment_status>closed</wp:comment_status>
  <wp:ping_status>closed</wp:ping_status>
  <wp:post_name>footer</wp:post_name>
  <wp:status>publish</wp:status>
  <wp:post_parent>0</wp:post_parent>
  <wp:menu_order>0</wp:menu_order>
  <wp:post_type>wp_template_part</wp:post_type>
  <wp:post_password/>
  <wp:is_sticky>0</wp:is_sticky>
  <category domain="wp_template_part_area" nicename="footer"><![CDATA[footer]]></category>
  <category domain="wp_theme" nicename="assembler"><![CDATA[assembler]]></category>
  <wp:postmeta>
    <wp:meta_key>origin</wp:meta_key>
    <wp:meta_value><![CDATA[theme]]></wp:meta_value>
  </wp:postmeta>
</item>
<item>
  <title><![CDATA[Navigation]]></title>
  <link>https://qingbotsgedu.wordpress.com/2024/06/08/navigation/</link>
  <pubDate>Sat, 08 Jun 2024 07:44:01 +0000</pubDate>
  <dc:creator>qingbotan</dc:creator>
  <guid isPermaLink="false">https://qingbotsgedu.wordpress.com/2024/06/08/navigation/</guid>
  <description/>
  <content:encoded><![CDATA[<!-- wp:navigation-link {"label":"Home","type":"page","id":1,"url":"https://qingbotsgedu.wordpress.com/about/","kind":"post-type"} /-->

<!-- wp:navigation-link {"label":"Our Services","type":"page","id":21,"url":"https://qingbotsgedu.wordpress.com/our-services/","kind":"post-type"} /-->

<!-- wp:navigation-link {"label":"Contact Us","type":"page","id":18,"url":"https://qingbotsgedu.wordpress.com/contact-us/","kind":"post-type"} /-->]]></content:encoded>
  <excerpt:encoded><![CDATA[]]></excerpt:encoded>
  <wp:post_id>10</wp:post_id>
  <wp:post_date>2024-06-08 15:44:01</wp:post_date>
  <wp:post_date_gmt>2024-06-08 07:44:01</wp:post_date_gmt>
  <wp:post_modified>2024-06-28 17:08:22</wp:post_modified>
  <wp:post_modified_gmt>2024-06-28 09:08:22</wp:post_modified_gmt>
  <wp:comment_status>closed</wp:comment_status>
  <wp:ping_status>closed</wp:ping_status>
  <wp:post_name>navigation</wp:post_name>
  <wp:status>publish</wp:status>
  <wp:post_parent>0</wp:post_parent>
  <wp:menu_order>0</wp:menu_order>
  <wp:post_type>wp_navigation</wp:post_type>
  <wp:post_password/>
  <wp:is_sticky>0</wp:is_sticky>
  <wp:postmeta>
    <wp:meta_key>_publicize_pending</wp:meta_key>
    <wp:meta_value><![CDATA[1]]></wp:meta_value>
  </wp:postmeta>
</item>
<item>
  <title><![CDATA[home]]></title>
  <link>https://qingbotsgedu.wordpress.com/?attachment_id=11</link>
  <pubDate>Sat, 08 Jun 2024 07:44:46 +0000</pubDate>
  <dc:creator>qingbotan</dc:creator>
  <guid isPermaLink="false">http://qingbotsgedu.files.wordpress.com/2024/06/home.jpg</guid>
  <description/>
  <content:encoded><![CDATA[]]></content:encoded>
  <excerpt:encoded><![CDATA[]]></excerpt:encoded>
  <wp:post_id>11</wp:post_id>
  <wp:post_date>2024-06-08 15:44:46</wp:post_date>
  <wp:post_date_gmt>2024-06-08 07:44:46</wp:post_date_gmt>
  <wp:post_modified>2024-06-08 15:44:46</wp:post_modified>
  <wp:post_modified_gmt>2024-06-08 07:44:46</wp:post_modified_gmt>
  <wp:comment_status>open</wp:comment_status>
  <wp:ping_status>closed</wp:ping_status>
  <wp:post_name>home-2</wp:post_name>
  <wp:status>inherit</wp:status>
  <wp:post_parent>5</wp:post_parent>
  <wp:menu_order>0</wp:menu_order>
  <wp:post_type>attachment</wp:post_type>
  <wp:post_password/>
  <wp:is_sticky>0</wp:is_sticky>
  <wp:attachment_url>https://qingbotsgedu.wordpress.com/wp-content/uploads/2024/06/home.jpg</wp:attachment_url>
  <wp:postmeta>
    <wp:meta_key>_wp_attached_file</wp:meta_key>
    <wp:meta_value><![CDATA[/home/wpcom/public_html/wp-content/blogs.dir/01b/233964207/files/2024/06/home.jpg]]></wp:meta_value>
  </wp:postmeta>
  <wp:postmeta>
    <wp:meta_key>_wp_attachment_metadata</wp:meta_key>
    <wp:meta_value><![CDATA[a:6:{s:5:"width";i:1920;s:6:"height";i:1080;s:4:"file";s:81:"/home/wpcom/public_html/wp-content/blogs.dir/01b/233964207/files/2024/06/home.jpg";s:8:"filesize";i:269255;s:5:"sizes";a:0:{}s:10:"image_meta";a:12:{s:8:"aperture";s:1:"0";s:6:"credit";s:0:"";s:6:"camera";s:0:"";s:7:"caption";s:0:"";s:17:"created_timestamp";s:1:"0";s:9:"copyright";s:0:"";s:12:"focal_length";s:1:"0";s:3:"iso";s:1:"0";s:13:"shutter_speed";s:1:"0";s:5:"title";s:0:"";s:11:"orientation";s:1:"0";s:8:"keywords";a:0:{}}}]]></wp:meta_value>
  </wp:postmeta>
</item>
<item>
  <title><![CDATA[Contact Us]]></title>
  <link>https://qingbotsgedu.wordpress.com/contact-us/</link>
  <pubDate>Sat, 08 Jun 2024 08:14:37 +0000</pubDate>
  <dc:creator>qingbotan</dc:creator>
  <guid isPermaLink="false">https://qingbotsgedu.wordpress.com/?page_id=18</guid>
  <description/>
  <content:encoded><![CDATA[<!-- wp:navigation {"ref":10} /-->

<!-- wp:group {"align":"full","className":"alignfull","layout":{"type":"constrained"}} -->
<div class="wp-block-group alignfull"><!-- wp:group {"metadata":{"name":"Page Title"},"align":"full","className":"alignfull","style":{"spacing":{"padding":{"top":"calc( 0.5 * var(\u002d\u002dwp\u002d\u002dstyle\u002d\u002droot\u002d\u002dpadding-right, var(\u002d\u002dwp\u002d\u002dcustom\u002d\u002dgap\u002d\u002dhorizontal)))","bottom":"calc( 0.5 * var(\u002d\u002dwp\u002d\u002dstyle\u002d\u002droot\u002d\u002dpadding-right, var(\u002d\u002dwp\u002d\u002dcustom\u002d\u002dgap\u002d\u002dhorizontal)))","left":"var(\u002d\u002dwp\u002d\u002dstyle\u002d\u002droot\u002d\u002dpadding-left, var(\u002d\u002dwp\u002d\u002dcustom\u002d\u002dgap\u002d\u002dhorizontal))","right":"var(\u002d\u002dwp\u002d\u002dstyle\u002d\u002droot\u002d\u002dpadding-right, var(\u002d\u002dwp\u002d\u002dcustom\u002d\u002dgap\u002d\u002dhorizontal))"},"margin":{"top":"0","bottom":"0"}}},"layout":{"type":"constrained","justifyContent":"center"}} -->
<div class="wp-block-group alignfull" style="margin-top:0;margin-bottom:0;padding-top:calc( 0.5 * var(--wp--style--root--padding-right, var(--wp--custom--gap--horizontal)));padding-right:var(--wp--style--root--padding-right, var(--wp--custom--gap--horizontal));padding-bottom:calc( 0.5 * var(--wp--style--root--padding-right, var(--wp--custom--gap--horizontal)));padding-left:var(--wp--style--root--padding-left, var(--wp--custom--gap--horizontal))"><!-- wp:spacer {"height":"20px"} -->
<div style="height:20px" aria-hidden="true" class="wp-block-spacer"></div>
<!-- /wp:spacer -->

<!-- wp:columns {"align":"wide","style":{"spacing":{"blockGap":{"top":"var:preset|spacing|20","left":"var:preset|spacing|20"}}}} -->
<div class="wp-block-columns alignwide"><!-- wp:column {"width":"50%","style":{"spacing":{"blockGap":"var:preset|spacing|20"}}} -->
<div class="wp-block-column" style="flex-basis:50%"><!-- wp:heading -->
<h2 class="wp-block-heading">Contact</h2>
<!-- /wp:heading -->

<!-- wp:image {"id":47,"width":"111px","height":"auto","sizeSlug":"large","linkDestination":"none"} -->
<figure class="wp-block-image size-large is-resized"><img src="https://qingbotsgedu.wordpress.com/wp-content/uploads/2024/06/qqe688aae59bbe20240508003400.png?w=788" alt="" class="wp-image-47" style="width:111px;height:auto" /></figure>
<!-- /wp:image -->

<!-- wp:paragraph -->
<p>Name: Qingbo</p>
<!-- /wp:paragraph -->

<!-- wp:paragraph -->
<p>Title: Founder</p>
<!-- /wp:paragraph -->

<!-- wp:paragraph -->
<p>Email: support@mentalhealth.com</p>
<!-- /wp:paragraph -->

<!-- wp:paragraph -->
<p>Phone: (123) 456-7890</p>
<!-- /wp:paragraph --></div>
<!-- /wp:column -->

<!-- wp:column {"width":"50%"} -->
<div class="wp-block-column" style="flex-basis:50%"><!-- wp:paragraph -->
<p>Welcome to Mental Health Support Counselling. We are here to provide you with a safe space to talk, heal, and grow. Whether you're dealing with stress, anxiety, depression, or any other mental health challenges, our team of professional counselors is here to support you every step of the way.</p>
<!-- /wp:paragraph -->

<!-- wp:spacer {"height":"var:preset|spacing|30"} -->
<div style="height:var(--wp--preset--spacing--30)" aria-hidden="true" class="wp-block-spacer"></div>
<!-- /wp:spacer -->

<!-- wp:jetpack/contact-form {"subject":"Contact form submission","to":"","className":"is-style-animated"} -->
<div class="wp-block-jetpack-contact-form is-style-animated"><!-- wp:jetpack/field-name {"label":"First name","required":true,"requiredText":"(required)","width":50,"borderRadius":5} /-->

<!-- wp:jetpack/field-name {"label":"Last name","required":true,"requiredText":"(required)","width":50,"borderRadius":5} /-->

<!-- wp:jetpack/field-email {"required":true,"requiredText":"(required)","borderRadius":5} /-->

<!-- wp:jetpack/field-textarea {"label":"Message","requiredText":"(required)","borderRadius":5} /-->

<!-- wp:jetpack/button {"element":"button","text":"Submit","width":"","align":"center","lock":{"remove":true}} /--></div>
<!-- /wp:jetpack/contact-form --></div>
<!-- /wp:column --></div>
<!-- /wp:columns --></div>
<!-- /wp:group -->

<!-- wp:spacer {"height":"var:preset|spacing|40"} -->
<div style="height:var(--wp--preset--spacing--40)" aria-hidden="true" class="wp-block-spacer"></div>
<!-- /wp:spacer -->

<!-- wp:group {"metadata":{"name":"Fullwidth Map"},"align":"full","style":{"elements":{"link":{"color":{"text":"var:preset|color|background"}}},"spacing":{"margin":{"top":"0","bottom":"0"},"padding":{"top":"0","bottom":"0","left":"0","right":"0"}}},"backgroundColor":"foreground","textColor":"background","layout":{"type":"default"}} -->
<div class="wp-block-group alignfull has-background-color has-foreground-background-color has-text-color has-background has-link-color" style="margin-top:0;margin-bottom:0;padding-top:0;padding-right:0;padding-bottom:0;padding-left:0"><!-- wp:jetpack/map {"align":"full","points":[{"placeTitle":"San Francisco, CA, United States","title":"San Francisco, CA, United States","caption":"San Francisco, CA, United States","coordinates":{"longitude":-122.4184341430664,"latitude":37.779380798339844},"id":"San Francisco, CA, United States 37.78 -122.42"}],"zoom":12,"mapCenter":{"lat":37.779410211789695,"lng":-122.4184341430664},"markerColor":"#151515","mapHeight":600,"className":"is-style-black_and_white"} -->
<div class="wp-block-jetpack-map is-style-black_and_white alignfull" data-map-style="black_and_white" data-map-details="true" data-points="[{&quot;placeTitle&quot;:&quot;San Francisco, CA, United States&quot;,&quot;title&quot;:&quot;San Francisco, CA, United States&quot;,&quot;caption&quot;:&quot;San Francisco, CA, United States&quot;,&quot;coordinates&quot;:{&quot;longitude&quot;:-122.4184341430664,&quot;latitude&quot;:37.779380798339844},&quot;id&quot;:&quot;San Francisco, CA, United States 37.78 -122.42&quot;}]" data-zoom="12" data-map-center="{&quot;lat&quot;:37.779410211789695,&quot;lng&quot;:-122.4184341430664}" data-marker-color="#151515" data-map-height="600" data-show-fullscreen-button="true"><ul><li><a href="https://www.google.com/maps/search/?api=1&amp;query=37.779380798339844,-122.4184341430664">San Francisco, CA, United States</a></li></ul></div>
<!-- /wp:jetpack/map --></div>
<!-- /wp:group --></div>
<!-- /wp:group -->]]></content:encoded>
  <excerpt:encoded><![CDATA[]]></excerpt:encoded>
  <wp:post_id>18</wp:post_id>
  <wp:post_date>2024-06-08 16:14:37</wp:post_date>
  <wp:post_date_gmt>2024-06-08 08:14:37</wp:post_date_gmt>
  <wp:post_modified>2024-06-28 17:13:41</wp:post_modified>
  <wp:post_modified_gmt>2024-06-28 09:13:41</wp:post_modified_gmt>
  <wp:comment_status>closed</wp:comment_status>
  <wp:ping_status>closed</wp:ping_status>
  <wp:post_name>contact-us</wp:post_name>
  <wp:status>publish</wp:status>
  <wp:post_parent>0</wp:post_parent>
  <wp:menu_order>0</wp:menu_order>
  <wp:post_type>page</wp:post_type>
  <wp:post_password/>
  <wp:is_sticky>0</wp:is_sticky>
  <wp:postmeta>
    <wp:meta_key>_last_editor_used_jetpack</wp:meta_key>
    <wp:meta_value><![CDATA[block-editor]]></wp:meta_value>
  </wp:postmeta>
  <wp:postmeta>
    <wp:meta_key>jetpack_seo_noindex</wp:meta_key>
    <wp:meta_value><![CDATA[]]></wp:meta_value>
  </wp:postmeta>
  <wp:postmeta>
    <wp:meta_key>_jetpack_post_was_ever_published</wp:meta_key>
    <wp:meta_value><![CDATA[]]></wp:meta_value>
  </wp:postmeta>
  <wp:postmeta>
    <wp:meta_key>reader_suggested_tags</wp:meta_key>
    <wp:meta_value><![CDATA[]]></wp:meta_value>
  </wp:postmeta>
  <wp:postmeta>
    <wp:meta_key>_starter_page_template</wp:meta_key>
    <wp:meta_value><![CDATA[contact]]></wp:meta_value>
  </wp:postmeta>
  <wp:postmeta>
    <wp:meta_key>_wpcom_template_layout_category</wp:meta_key>
    <wp:meta_value><![CDATA[a:1:{i:0;s:8:"featured";}]]></wp:meta_value>
  </wp:postmeta>
  <wp:postmeta>
    <wp:meta_key>footnotes</wp:meta_key>
    <wp:meta_value><![CDATA[]]></wp:meta_value>
  </wp:postmeta>
  <wp:postmeta>
    <wp:meta_key>_publicize_pending</wp:meta_key>
    <wp:meta_value><![CDATA[1]]></wp:meta_value>
  </wp:postmeta>
  <wp:postmeta>
    <wp:meta_key>firehose_sent</wp:meta_key>
    <wp:meta_value><![CDATA[1717834478]]></wp:meta_value>
  </wp:postmeta>
  <wp:postmeta>
    <wp:meta_key>_g_feedback_shortcode_0e84262f6b87fa354ccc102535406902608d7562</wp:meta_key>
    <wp:meta_value><![CDATA[
<div class="wp-block-jetpack-contact-form is-style-animated">[contact-field label="First name" required="1" requiredText="(required)" width="50" borderRadius="5" type="name"/]

[contact-field label="Last name" required="1" requiredText="(required)" width="50" borderRadius="5" type="name"/]

[contact-field required="1" requiredText="(required)" borderRadius="5" type="email" label="Email"/]

[contact-field label="Message" requiredText="(required)" borderRadius="5" type="textarea"/]

<div class="wp-block-jetpack-button aligncenter wp-block-button" style="max-width: 100%"><button class="wp-block-button__link" style="width: ; max-width: 100%" data-id-attr="placeholder" type="submit">Submit</button></div></div>
]]></wp:meta_value>
  </wp:postmeta>
  <wp:postmeta>
    <wp:meta_key>_g_feedback_shortcode_atts_0e84262f6b87fa354ccc102535406902608d7562</wp:meta_key>
    <wp:meta_value><![CDATA[a:17:{s:2:"to";s:0:"";s:7:"subject";s:23:"Contact form submission";s:12:"show_subject";s:2:"no";s:6:"widget";i:0;s:14:"block_template";N;s:19:"block_template_part";N;s:2:"id";i:18;s:18:"submit_button_text";s:6:"Submit";s:14:"customThankyou";s:0:"";s:21:"customThankyouHeading";s:26:"Your message has been sent";s:21:"customThankyouMessage";s:30:"Thank you for your submission!";s:22:"customThankyouRedirect";s:0:"";s:10:"jetpackCRM";b:1;s:9:"className";s:17:"is-style-animated";s:9:"postToUrl";N;s:14:"salesforceData";N;s:12:"hiddenFields";N;}]]></wp:meta_value>
  </wp:postmeta>
</item>
<item>
  <title><![CDATA[Our Services]]></title>
  <link>https://qingbotsgedu.wordpress.com/our-services/</link>
  <pubDate>Sat, 08 Jun 2024 08:20:33 +0000</pubDate>
  <dc:creator>qingbotan</dc:creator>
  <guid isPermaLink="false">https://qingbotsgedu.wordpress.com/?page_id=21</guid>
  <description/>
  <content:encoded><![CDATA[<!-- wp:navigation {"ref":10} /-->

<!-- wp:group {"metadata":{"name":"Page Title"},"align":"full","style":{"spacing":{"padding":{"top":"calc( 0.5 * var(\u002d\u002dwp\u002d\u002dstyle\u002d\u002droot\u002d\u002dpadding-right, var(\u002d\u002dwp\u002d\u002dcustom\u002d\u002dgap\u002d\u002dhorizontal)))","bottom":"calc( 0.5 * var(\u002d\u002dwp\u002d\u002dstyle\u002d\u002droot\u002d\u002dpadding-right, var(\u002d\u002dwp\u002d\u002dcustom\u002d\u002dgap\u002d\u002dhorizontal)))","left":"var(\u002d\u002dwp\u002d\u002dstyle\u002d\u002droot\u002d\u002dpadding-left, var(\u002d\u002dwp\u002d\u002dcustom\u002d\u002dgap\u002d\u002dhorizontal))","right":"var(\u002d\u002dwp\u002d\u002dstyle\u002d\u002droot\u002d\u002dpadding-right, var(\u002d\u002dwp\u002d\u002dcustom\u002d\u002dgap\u002d\u002dhorizontal))"},"margin":{"top":"0","bottom":"0"}}},"layout":{"type":"constrained","justifyContent":"center"}} -->
<div class="wp-block-group alignfull" style="margin-top:0;margin-bottom:0;padding-top:calc( 0.5 * var(--wp--style--root--padding-right, var(--wp--custom--gap--horizontal)));padding-right:var(--wp--style--root--padding-right, var(--wp--custom--gap--horizontal));padding-bottom:calc( 0.5 * var(--wp--style--root--padding-right, var(--wp--custom--gap--horizontal)));padding-left:var(--wp--style--root--padding-left, var(--wp--custom--gap--horizontal))"><!-- wp:spacer {"height":"calc( 0.25 * var(\u002d\u002dwp\u002d\u002dstyle\u002d\u002droot\u002d\u002dpadding-right, var(\u002d\u002dwp\u002d\u002dcustom\u002d\u002dgap\u002d\u002dhorizontal)))"} -->
<div style="height:calc( 0.25 * var(--wp--style--root--padding-right, var(--wp--custom--gap--horizontal)))" aria-hidden="true" class="wp-block-spacer"></div>
<!-- /wp:spacer -->

<!-- wp:columns {"align":"wide","style":{"spacing":{"blockGap":{"top":"var:preset|spacing|20","left":"var:preset|spacing|20"}}}} -->
<div class="wp-block-columns alignwide"><!-- wp:column {"width":"50%","style":{"spacing":{"blockGap":"var:preset|spacing|20"}}} -->
<div class="wp-block-column" style="flex-basis:50%"><!-- wp:heading -->
<h2 class="wp-block-heading">Our Services</h2>
<!-- /wp:heading --></div>
<!-- /wp:column -->

<!-- wp:column {"width":"50%"} -->
<div class="wp-block-column" style="flex-basis:50%"><!-- wp:paragraph -->
<p>Welcome to Mental Health Support Counselling. We are here to provide you with a safe space to talk, heal, and grow. Whether you're dealing with stress, anxiety, depression, or any other mental health challenges, our team of professional counselors is here to support you every step of the way.</p>
<!-- /wp:paragraph --></div>
<!-- /wp:column --></div>
<!-- /wp:columns -->

<!-- wp:spacer {"height":"calc( 0.25 * var(\u002d\u002dwp\u002d\u002dstyle\u002d\u002droot\u002d\u002dpadding-right, var(\u002d\u002dwp\u002d\u002dcustom\u002d\u002dgap\u002d\u002dhorizontal)))"} -->
<div style="height:calc( 0.25 * var(--wp--style--root--padding-right, var(--wp--custom--gap--horizontal)))" aria-hidden="true" class="wp-block-spacer"></div>
<!-- /wp:spacer --></div>
<!-- /wp:group -->

<!-- wp:group {"metadata":{"name":"Services"},"align":"full","style":{"spacing":{"padding":{"top":"calc( 0.5 * var(\u002d\u002dwp\u002d\u002dstyle\u002d\u002droot\u002d\u002dpadding-right, var(\u002d\u002dwp\u002d\u002dcustom\u002d\u002dgap\u002d\u002dhorizontal)))","bottom":"calc( 0.5 * var(\u002d\u002dwp\u002d\u002dstyle\u002d\u002droot\u002d\u002dpadding-right, var(\u002d\u002dwp\u002d\u002dcustom\u002d\u002dgap\u002d\u002dhorizontal)))","left":"var(\u002d\u002dwp\u002d\u002dstyle\u002d\u002droot\u002d\u002dpadding-left, var(\u002d\u002dwp\u002d\u002dcustom\u002d\u002dgap\u002d\u002dhorizontal))","right":"var(\u002d\u002dwp\u002d\u002dstyle\u002d\u002droot\u002d\u002dpadding-right, var(\u002d\u002dwp\u002d\u002dcustom\u002d\u002dgap\u002d\u002dhorizontal))"},"margin":{"top":"0","bottom":"0"}}},"layout":{"type":"constrained","justifyContent":"center"}} -->
<div class="wp-block-group alignfull" style="margin-top:0;margin-bottom:0;padding-top:calc( 0.5 * var(--wp--style--root--padding-right, var(--wp--custom--gap--horizontal)));padding-right:var(--wp--style--root--padding-right, var(--wp--custom--gap--horizontal));padding-bottom:calc( 0.5 * var(--wp--style--root--padding-right, var(--wp--custom--gap--horizontal)));padding-left:var(--wp--style--root--padding-left, var(--wp--custom--gap--horizontal))"><!-- wp:spacer {"height":"calc( 0.25 * var(\u002d\u002dwp\u002d\u002dstyle\u002d\u002droot\u002d\u002dpadding-right, var(\u002d\u002dwp\u002d\u002dcustom\u002d\u002dgap\u002d\u002dhorizontal)))"} -->
<div style="height:calc( 0.25 * var(--wp--style--root--padding-right, var(--wp--custom--gap--horizontal)))" aria-hidden="true" class="wp-block-spacer"></div>
<!-- /wp:spacer -->

<!-- wp:columns {"align":"wide","style":{"spacing":{"blockGap":{"top":"var:preset|spacing|60","left":"var:preset|spacing|30"}}}} -->
<div class="wp-block-columns alignwide"><!-- wp:column -->
<div class="wp-block-column"><!-- wp:image {"id":22,"aspectRatio":"1","scale":"cover","sizeSlug":"full","linkDestination":"none","style":{"color":[]}} -->
<figure class="wp-block-image size-full"><img src="https://qingbotsgedu.wordpress.com/wp-content/uploads/2024/06/individual-counseling.jpg" alt="" class="wp-image-22" style="aspect-ratio:1;object-fit:cover" /></figure>
<!-- /wp:image -->

<!-- wp:heading {"textAlign":"center","level":3,"fontSize":"medium"} -->
<h3 class="wp-block-heading has-text-align-center has-medium-font-size">Individual Counseling (100SGD/h)</h3>
<!-- /wp:heading -->

<!-- wp:paragraph -->
<p>Individual counseling offers personalized, one-on-one support to address your specific mental health concerns, providing a safe space to explore feelings, develop coping strategies, and achieve personal growth.</p>
<!-- /wp:paragraph -->

<!-- wp:paragraph -->
<p>Cognitive Behavioral Therapy (CBT)</p>
<!-- /wp:paragraph -->

<!-- wp:paragraph -->
<p>Dialectical Behavior Therapy (DBT)</p>
<!-- /wp:paragraph -->

<!-- wp:paragraph -->
<p>Solution-Focused Brief Therapy (SFBT)</p>
<!-- /wp:paragraph -->

<!-- wp:buttons {"layout":{"type":"flex","justifyContent":"center"}} -->
<div class="wp-block-buttons"><!-- wp:button -->
<div class="wp-block-button"><a class="wp-block-button__link wp-element-button" href="https://qingbotsgedu.wordpress.com/contact-us/">Get Started</a></div>
<!-- /wp:button --></div>
<!-- /wp:buttons --></div>
<!-- /wp:column -->

<!-- wp:column -->
<div class="wp-block-column"><!-- wp:image {"id":23,"aspectRatio":"1","scale":"cover","sizeSlug":"full","linkDestination":"none","style":{"color":[]}} -->
<figure class="wp-block-image size-full"><img src="https://qingbotsgedu.wordpress.com/wp-content/uploads/2024/06/group-therapy.jpg" alt="" class="wp-image-23" style="aspect-ratio:1;object-fit:cover" /></figure>
<!-- /wp:image -->

<!-- wp:heading {"textAlign":"center","level":3,"fontSize":"medium"} -->
<h3 class="wp-block-heading has-text-align-center has-medium-font-size">Group Therapy (75SGD/h)</h3>
<!-- /wp:heading -->

<!-- wp:paragraph -->
<p>Group therapy provides a supportive environment where individuals share experiences and learn from each other, fostering a sense of community, understanding, and mutual growth in addressing common mental health challenges.</p>
<!-- /wp:paragraph -->

<!-- wp:paragraph -->
<p>Interpersonal Process Groups</p>
<!-- /wp:paragraph -->

<!-- wp:paragraph -->
<p>Support Groups</p>
<!-- /wp:paragraph -->

<!-- wp:paragraph -->
<p>Psychoeducational Groups</p>
<!-- /wp:paragraph -->

<!-- wp:buttons {"layout":{"type":"flex","justifyContent":"center"}} -->
<div class="wp-block-buttons"><!-- wp:button -->
<div class="wp-block-button"><a class="wp-block-button__link wp-element-button" href="https://qingbotsgedu.wordpress.com/contact-us/">Get Started</a></div>
<!-- /wp:button --></div>
<!-- /wp:buttons --></div>
<!-- /wp:column -->

<!-- wp:column -->
<div class="wp-block-column"><!-- wp:image {"id":24,"aspectRatio":"1","scale":"cover","sizeSlug":"full","linkDestination":"none","style":{"color":[]}} -->
<figure class="wp-block-image size-full"><img src="https://qingbotsgedu.wordpress.com/wp-content/uploads/2024/06/online-counseling.jpg" alt="" class="wp-image-24" style="aspect-ratio:1;object-fit:cover" /></figure>
<!-- /wp:image -->

<!-- wp:heading {"textAlign":"center","level":3,"fontSize":"medium"} -->
<h3 class="wp-block-heading has-text-align-center has-medium-font-size">Online Counseling (50SGD/h)</h3>
<!-- /wp:heading -->

<!-- wp:paragraph -->
<p>Online counseling offers convenient and confidential mental health support through virtual sessions, allowing you to receive professional guidance and support from the comfort and privacy of your own home.</p>
<!-- /wp:paragraph -->

<!-- wp:paragraph -->
<p>E-Therapy Chat Counseling</p>
<!-- /wp:paragraph -->

<!-- wp:paragraph -->
<p>Teletherapy Sessions</p>
<!-- /wp:paragraph -->

<!-- wp:paragraph -->
<p>Virtual CBT (Cognitive Behavioral Therapy)</p>
<!-- /wp:paragraph -->

<!-- wp:buttons {"layout":{"type":"flex","justifyContent":"center"}} -->
<div class="wp-block-buttons"><!-- wp:button -->
<div class="wp-block-button"><a class="wp-block-button__link wp-element-button" href="https://qingbotsgedu.wordpress.com/contact-us/">Get Started</a></div>
<!-- /wp:button --></div>
<!-- /wp:buttons --></div>
<!-- /wp:column --></div>
<!-- /wp:columns -->

<!-- wp:spacer {"height":"calc( 0.25 * var(\u002d\u002dwp\u002d\u002dstyle\u002d\u002droot\u002d\u002dpadding-right, var(\u002d\u002dwp\u002d\u002dcustom\u002d\u002dgap\u002d\u002dhorizontal)))"} -->
<div style="height:calc( 0.25 * var(--wp--style--root--padding-right, var(--wp--custom--gap--horizontal)))" aria-hidden="true" class="wp-block-spacer"></div>
<!-- /wp:spacer --></div>
<!-- /wp:group -->

<!-- wp:group {"metadata":{"name":"Reviews"},"align":"full","style":{"spacing":{"padding":{"top":"calc( 0.5 * var(\u002d\u002dwp\u002d\u002dstyle\u002d\u002droot\u002d\u002dpadding-right, var(\u002d\u002dwp\u002d\u002dcustom\u002d\u002dgap\u002d\u002dhorizontal)))","bottom":"calc( 0.5 * var(\u002d\u002dwp\u002d\u002dstyle\u002d\u002droot\u002d\u002dpadding-right, var(\u002d\u002dwp\u002d\u002dcustom\u002d\u002dgap\u002d\u002dhorizontal)))","left":"var(\u002d\u002dwp\u002d\u002dstyle\u002d\u002droot\u002d\u002dpadding-left, var(\u002d\u002dwp\u002d\u002dcustom\u002d\u002dgap\u002d\u002dhorizontal))","right":"var(\u002d\u002dwp\u002d\u002dstyle\u002d\u002droot\u002d\u002dpadding-right, var(\u002d\u002dwp\u002d\u002dcustom\u002d\u002dgap\u002d\u002dhorizontal))"},"margin":{"top":"0","bottom":"0"}}},"layout":{"type":"constrained","justifyContent":"center"}} -->
<div class="wp-block-group alignfull" style="margin-top:0;margin-bottom:0;padding-top:calc( 0.5 * var(--wp--style--root--padding-right, var(--wp--custom--gap--horizontal)));padding-right:var(--wp--style--root--padding-right, var(--wp--custom--gap--horizontal));padding-bottom:calc( 0.5 * var(--wp--style--root--padding-right, var(--wp--custom--gap--horizontal)));padding-left:var(--wp--style--root--padding-left, var(--wp--custom--gap--horizontal))"><!-- wp:spacer {"height":"calc( 0.25 * var(\u002d\u002dwp\u002d\u002dstyle\u002d\u002droot\u002d\u002dpadding-right, var(\u002d\u002dwp\u002d\u002dcustom\u002d\u002dgap\u002d\u002dhorizontal)))"} -->
<div style="height:calc( 0.25 * var(--wp--style--root--padding-right, var(--wp--custom--gap--horizontal)))" aria-hidden="true" class="wp-block-spacer"></div>
<!-- /wp:spacer -->

<!-- wp:group {"align":"wide","layout":{"type":"constrained"}} -->
<div class="wp-block-group alignwide"><!-- wp:heading {"textAlign":"left","align":"wide","fontSize":"large"} -->
<h2 class="wp-block-heading alignwide has-text-align-left has-large-font-size">Reviews</h2>
<!-- /wp:heading --></div>
<!-- /wp:group -->

<!-- wp:spacer {"height":"calc( 0.25 * var(\u002d\u002dwp\u002d\u002dstyle\u002d\u002droot\u002d\u002dpadding-right, var(\u002d\u002dwp\u002d\u002dcustom\u002d\u002dgap\u002d\u002dhorizontal)))"} -->
<div style="height:calc( 0.25 * var(--wp--style--root--padding-right, var(--wp--custom--gap--horizontal)))" aria-hidden="true" class="wp-block-spacer"></div>
<!-- /wp:spacer -->

<!-- wp:columns {"align":"wide","style":{"spacing":{"blockGap":{"top":"var:preset|spacing|50","left":"var:preset|spacing|30"}}}} -->
<div class="wp-block-columns alignwide"><!-- wp:column -->
<div class="wp-block-column"><!-- wp:heading {"level":3,"fontSize":"medium"} -->
<h3 class="wp-block-heading has-medium-font-size">Tom S.</h3>
<!-- /wp:heading -->

<!-- wp:paragraph -->
<p>"The individual counseling at Mental Health Support Counselling was transformative. My counselor, Sarah, provided a safe, empathetic space and tailored sessions to my needs. Her professional approach and effective techniques helped me overcome challenges and build resilience. Highly recommend their services for compassionate and impactful mental health support."</p>
<!-- /wp:paragraph -->

<!-- wp:jetpack/rating-star {"rating":4,"className":"is-style-filled"} -->
<figure class="wp-block-jetpack-rating-star is-style-filled" style="text-align:left"><span>★</span><span>★</span><span>★</span><span>★</span></figure>
<!-- /wp:jetpack/rating-star --></div>
<!-- /wp:column -->

<!-- wp:column -->
<div class="wp-block-column"><!-- wp:heading {"level":3,"fontSize":"medium"} -->
<h3 class="wp-block-heading has-medium-font-size">Liz S.</h3>
<!-- /wp:heading -->

<!-- wp:paragraph -->
<p>"Group counseling at Mental Health Support Counselling was incredibly supportive. The sessions provided a safe space to share and connect with others facing similar challenges. Our counselor facilitated meaningful discussions and offered valuable insights. I felt understood, encouraged, and less alone. Highly recommend for effective and compassionate group support."</p>
<!-- /wp:paragraph -->

<!-- wp:jetpack/rating-star {"rating":5,"className":"is-style-filled"} -->
<figure class="wp-block-jetpack-rating-star is-style-filled" style="text-align:left"><span>★</span><span>★</span><span>★</span><span>★</span><span>★</span></figure>
<!-- /wp:jetpack/rating-star --></div>
<!-- /wp:column -->

<!-- wp:column -->
<div class="wp-block-column"><!-- wp:heading {"level":3,"fontSize":"medium"} -->
<h3 class="wp-block-heading has-medium-font-size">Mike A.</h3>
<!-- /wp:heading -->

<!-- wp:paragraph -->
<p>"Online counseling at Mental Health Support Counselling was convenient and effective. My counselor provided excellent support through virtual sessions, making it easy to fit into my schedule. The professional, empathetic approach helped me feel understood and empowered. Highly recommend for accessible and impactful mental health support."</p>
<!-- /wp:paragraph -->

<!-- wp:jetpack/rating-star {"rating":5,"className":"is-style-filled"} -->
<figure class="wp-block-jetpack-rating-star is-style-filled" style="text-align:left"><span>★</span><span>★</span><span>★</span><span>★</span><span>★</span></figure>
<!-- /wp:jetpack/rating-star --></div>
<!-- /wp:column --></div>
<!-- /wp:columns -->

<!-- wp:spacer {"height":"calc( 0.25 * var(\u002d\u002dwp\u002d\u002dstyle\u002d\u002droot\u002d\u002dpadding-right, var(\u002d\u002dwp\u002d\u002dcustom\u002d\u002dgap\u002d\u002dhorizontal)))"} -->
<div style="height:calc( 0.25 * var(--wp--style--root--padding-right, var(--wp--custom--gap--horizontal)))" aria-hidden="true" class="wp-block-spacer"></div>
<!-- /wp:spacer --></div>
<!-- /wp:group -->

<!-- wp:paragraph -->
<p></p>
<!-- /wp:paragraph -->

<!-- wp:paragraph -->
<p></p>
<!-- /wp:paragraph -->]]></content:encoded>
  <excerpt:encoded><![CDATA[]]></excerpt:encoded>
  <wp:post_id>21</wp:post_id>
  <wp:post_date>2024-06-08 16:20:33</wp:post_date>
  <wp:post_date_gmt>2024-06-08 08:20:33</wp:post_date_gmt>
  <wp:post_modified>2024-06-28 17:08:24</wp:post_modified>
  <wp:post_modified_gmt>2024-06-28 09:08:24</wp:post_modified_gmt>
  <wp:comment_status>closed</wp:comment_status>
  <wp:ping_status>closed</wp:ping_status>
  <wp:post_name>our-services</wp:post_name>
  <wp:status>publish</wp:status>
  <wp:post_parent>0</wp:post_parent>
  <wp:menu_order>0</wp:menu_order>
  <wp:post_type>page</wp:post_type>
  <wp:post_password/>
  <wp:is_sticky>0</wp:is_sticky>
  <wp:postmeta>
    <wp:meta_key>_last_editor_used_jetpack</wp:meta_key>
    <wp:meta_value><![CDATA[block-editor]]></wp:meta_value>
  </wp:postmeta>
  <wp:postmeta>
    <wp:meta_key>jetpack_seo_noindex</wp:meta_key>
    <wp:meta_value><![CDATA[]]></wp:meta_value>
  </wp:postmeta>
  <wp:postmeta>
    <wp:meta_key>_jetpack_post_was_ever_published</wp:meta_key>
    <wp:meta_value><![CDATA[]]></wp:meta_value>
  </wp:postmeta>
  <wp:postmeta>
    <wp:meta_key>reader_suggested_tags</wp:meta_key>
    <wp:meta_value><![CDATA[]]></wp:meta_value>
  </wp:postmeta>
  <wp:postmeta>
    <wp:meta_key>_starter_page_template</wp:meta_key>
    <wp:meta_value><![CDATA[services]]></wp:meta_value>
  </wp:postmeta>
  <wp:postmeta>
    <wp:meta_key>_wpcom_template_layout_category</wp:meta_key>
    <wp:meta_value><![CDATA[a:1:{i:0;s:8:"featured";}]]></wp:meta_value>
  </wp:postmeta>
  <wp:postmeta>
    <wp:meta_key>footnotes</wp:meta_key>
    <wp:meta_value><![CDATA[]]></wp:meta_value>
  </wp:postmeta>
  <wp:postmeta>
    <wp:meta_key>_publicize_pending</wp:meta_key>
    <wp:meta_value><![CDATA[1]]></wp:meta_value>
  </wp:postmeta>
  <wp:postmeta>
    <wp:meta_key>firehose_sent</wp:meta_key>
    <wp:meta_value><![CDATA[1717834834]]></wp:meta_value>
  </wp:postmeta>
</item>
<item>
  <title><![CDATA[Female patient talking to therapist on sofa]]></title>
  <link>https://qingbotsgedu.wordpress.com/our-services/female-patient-talking-to-therapist-on-sofa/</link>
  <pubDate>Sat, 08 Jun 2024 08:15:22 +0000</pubDate>
  <dc:creator>qingbotan</dc:creator>
  <guid isPermaLink="false">http://qingbotsgedu.files.wordpress.com/2024/06/individual-counseling.jpg</guid>
  <description/>
  <content:encoded><![CDATA[]]></content:encoded>
  <excerpt:encoded><![CDATA[Pretty young woman talking to female therapist on sofa, sharing her issues during psychotherapy.]]></excerpt:encoded>
  <wp:post_id>22</wp:post_id>
  <wp:post_date>2024-06-08 16:15:22</wp:post_date>
  <wp:post_date_gmt>2024-06-08 08:15:22</wp:post_date_gmt>
  <wp:post_modified>2024-06-08 16:15:22</wp:post_modified>
  <wp:post_modified_gmt>2024-06-08 08:15:22</wp:post_modified_gmt>
  <wp:comment_status>open</wp:comment_status>
  <wp:ping_status>closed</wp:ping_status>
  <wp:post_name>female-patient-talking-to-therapist-on-sofa</wp:post_name>
  <wp:status>inherit</wp:status>
  <wp:post_parent>21</wp:post_parent>
  <wp:menu_order>0</wp:menu_order>
  <wp:post_type>attachment</wp:post_type>
  <wp:post_password/>
  <wp:is_sticky>0</wp:is_sticky>
  <wp:attachment_url>https://qingbotsgedu.wordpress.com/wp-content/uploads/2024/06/individual-counseling.jpg</wp:attachment_url>
  <wp:postmeta>
    <wp:meta_key>_wp_attached_file</wp:meta_key>
    <wp:meta_value><![CDATA[/home/wpcom/public_html/wp-content/blogs.dir/01b/233964207/files/2024/06/individual-counseling.jpg]]></wp:meta_value>
  </wp:postmeta>
  <wp:postmeta>
    <wp:meta_key>_wp_attachment_metadata</wp:meta_key>
    <wp:meta_value><![CDATA[a:6:{s:5:"width";i:1200;s:6:"height";i:800;s:4:"file";s:98:"/home/wpcom/public_html/wp-content/blogs.dir/01b/233964207/files/2024/06/individual-counseling.jpg";s:8:"filesize";i:113337;s:5:"sizes";a:0:{}s:10:"image_meta";a:12:{s:8:"aperture";s:3:"1.8";s:6:"credit";s:29:"AntonioDiaz - stock.adobe.com";s:6:"camera";s:20:"Canon EOS 5D Mark IV";s:7:"caption";s:96:"Pretty young woman talking to female therapist on sofa, sharing her issues during psychotherapy.";s:17:"created_timestamp";s:10:"1509840000";s:9:"copyright";s:12:"Antonio Diaz";s:12:"focal_length";s:2:"50";s:3:"iso";s:3:"250";s:13:"shutter_speed";s:5:"0.008";s:5:"title";s:43:"Female patient talking to therapist on sofa";s:11:"orientation";s:1:"1";s:8:"keywords";a:29:{i:0;s:6:"client";i:1;s:12:"consultation";i:2;s:12:"conversation";i:3;s:5:"couch";i:4;s:10:"counseling";i:5;s:9:"counselor";i:6;s:10:"discussion";i:7;s:10:"explaining";i:8;s:6:"female";i:9;s:8:"guidance";i:10;s:8:"hispanic";i:11;s:7:"meeting";i:12;s:7:"patient";i:13;s:12:"professional";i:14;s:12:"psychiatrist";i:15;s:12:"psychologist";i:16;s:15:"psychotherapist";i:17;s:13:"psychotherapy";i:18;s:7:"session";i:19;s:7:"sitting";i:20;s:4:"sofa";i:21;s:4:"talk";i:22;s:9:"therapist";i:23;s:7:"therapy";i:24;s:8:"together";i:25;s:9:"treatment";i:26;s:5:"visit";i:27;s:5:"woman";i:28;s:5:"young";}}}]]></wp:meta_value>
  </wp:postmeta>
</item>
<item>
  <title><![CDATA[group-therapy]]></title>
  <link>https://qingbotsgedu.wordpress.com/our-services/group-therapy/</link>
  <pubDate>Sat, 08 Jun 2024 08:15:32 +0000</pubDate>
  <dc:creator>qingbotan</dc:creator>
  <guid isPermaLink="false">http://qingbotsgedu.files.wordpress.com/2024/06/group-therapy.jpg</guid>
  <description/>
  <content:encoded><![CDATA[]]></content:encoded>
  <excerpt:encoded><![CDATA[]]></excerpt:encoded>
  <wp:post_id>23</wp:post_id>
  <wp:post_date>2024-06-08 16:15:32</wp:post_date>
  <wp:post_date_gmt>2024-06-08 08:15:32</wp:post_date_gmt>
  <wp:post_modified>2024-06-08 16:15:32</wp:post_modified>
  <wp:post_modified_gmt>2024-06-08 08:15:32</wp:post_modified_gmt>
  <wp:comment_status>open</wp:comment_status>
  <wp:ping_status>closed</wp:ping_status>
  <wp:post_name>group-therapy</wp:post_name>
  <wp:status>inherit</wp:status>
  <wp:post_parent>21</wp:post_parent>
  <wp:menu_order>0</wp:menu_order>
  <wp:post_type>attachment</wp:post_type>
  <wp:post_password/>
  <wp:is_sticky>0</wp:is_sticky>
  <wp:attachment_url>https://qingbotsgedu.wordpress.com/wp-content/uploads/2024/06/group-therapy.jpg</wp:attachment_url>
  <wp:postmeta>
    <wp:meta_key>_wp_attached_file</wp:meta_key>
    <wp:meta_value><![CDATA[/home/wpcom/public_html/wp-content/blogs.dir/01b/233964207/files/2024/06/group-therapy.jpg]]></wp:meta_value>
  </wp:postmeta>
  <wp:postmeta>
    <wp:meta_key>_wp_attachment_metadata</wp:meta_key>
    <wp:meta_value><![CDATA[a:6:{s:5:"width";i:1200;s:6:"height";i:800;s:4:"file";s:90:"/home/wpcom/public_html/wp-content/blogs.dir/01b/233964207/files/2024/06/group-therapy.jpg";s:8:"filesize";i:103214;s:5:"sizes";a:0:{}s:10:"image_meta";a:12:{s:8:"aperture";s:1:"0";s:6:"credit";s:0:"";s:6:"camera";s:0:"";s:7:"caption";s:0:"";s:17:"created_timestamp";s:1:"0";s:9:"copyright";s:0:"";s:12:"focal_length";s:1:"0";s:3:"iso";s:1:"0";s:13:"shutter_speed";s:1:"0";s:5:"title";s:0:"";s:11:"orientation";s:1:"0";s:8:"keywords";a:0:{}}}]]></wp:meta_value>
  </wp:postmeta>
</item>
<item>
  <title><![CDATA[online-counseling]]></title>
  <link>https://qingbotsgedu.wordpress.com/our-services/online-counseling/</link>
  <pubDate>Sat, 08 Jun 2024 08:15:37 +0000</pubDate>
  <dc:creator>qingbotan</dc:creator>
  <guid isPermaLink="false">http://qingbotsgedu.files.wordpress.com/2024/06/online-counseling.jpg</guid>
  <description/>
  <content:encoded><![CDATA[]]></content:encoded>
  <excerpt:encoded><![CDATA[]]></excerpt:encoded>
  <wp:post_id>24</wp:post_id>
  <wp:post_date>2024-06-08 16:15:37</wp:post_date>
  <wp:post_date_gmt>2024-06-08 08:15:37</wp:post_date_gmt>
  <wp:post_modified>2024-06-08 16:15:37</wp:post_modified>
  <wp:post_modified_gmt>2024-06-08 08:15:37</wp:post_modified_gmt>
  <wp:comment_status>open</wp:comment_status>
  <wp:ping_status>closed</wp:ping_status>
  <wp:post_name>online-counseling</wp:post_name>
  <wp:status>inherit</wp:status>
  <wp:post_parent>21</wp:post_parent>
  <wp:menu_order>0</wp:menu_order>
  <wp:post_type>attachment</wp:post_type>
  <wp:post_password/>
  <wp:is_sticky>0</wp:is_sticky>
  <wp:attachment_url>https://qingbotsgedu.wordpress.com/wp-content/uploads/2024/06/online-counseling.jpg</wp:attachment_url>
  <wp:postmeta>
    <wp:meta_key>_wp_attached_file</wp:meta_key>
    <wp:meta_value><![CDATA[/home/wpcom/public_html/wp-content/blogs.dir/01b/233964207/files/2024/06/online-counseling.jpg]]></wp:meta_value>
  </wp:postmeta>
  <wp:postmeta>
    <wp:meta_key>_wp_attachment_metadata</wp:meta_key>
    <wp:meta_value><![CDATA[a:6:{s:5:"width";i:1200;s:6:"height";i:800;s:4:"file";s:94:"/home/wpcom/public_html/wp-content/blogs.dir/01b/233964207/files/2024/06/online-counseling.jpg";s:8:"filesize";i:78375;s:5:"sizes";a:0:{}s:10:"image_meta";a:12:{s:8:"aperture";s:1:"0";s:6:"credit";s:0:"";s:6:"camera";s:0:"";s:7:"caption";s:0:"";s:17:"created_timestamp";s:1:"0";s:9:"copyright";s:0:"";s:12:"focal_length";s:1:"0";s:3:"iso";s:1:"0";s:13:"shutter_speed";s:1:"0";s:5:"title";s:0:"";s:11:"orientation";s:1:"0";s:8:"keywords";a:0:{}}}]]></wp:meta_value>
  </wp:postmeta>
</item>
<item>
  <title><![CDATA[home-1]]></title>
  <link>https://qingbotsgedu.wordpress.com/about/home-1/</link>
  <pubDate>Sat, 08 Jun 2024 08:36:02 +0000</pubDate>
  <dc:creator>qingbotan</dc:creator>
  <guid isPermaLink="false">http://qingbotsgedu.files.wordpress.com/2024/06/home-1.jpg</guid>
  <description/>
  <content:encoded><![CDATA[]]></content:encoded>
  <excerpt:encoded><![CDATA[]]></excerpt:encoded>
  <wp:post_id>44</wp:post_id>
  <wp:post_date>2024-06-08 16:36:02</wp:post_date>
  <wp:post_date_gmt>2024-06-08 08:36:02</wp:post_date_gmt>
  <wp:post_modified>2024-06-08 16:36:02</wp:post_modified>
  <wp:post_modified_gmt>2024-06-08 08:36:02</wp:post_modified_gmt>
  <wp:comment_status>open</wp:comment_status>
  <wp:ping_status>closed</wp:ping_status>
  <wp:post_name>home-1</wp:post_name>
  <wp:status>inherit</wp:status>
  <wp:post_parent>1</wp:post_parent>
  <wp:menu_order>0</wp:menu_order>
  <wp:post_type>attachment</wp:post_type>
  <wp:post_password/>
  <wp:is_sticky>0</wp:is_sticky>
  <wp:attachment_url>https://qingbotsgedu.wordpress.com/wp-content/uploads/2024/06/home-1.jpg</wp:attachment_url>
  <wp:postmeta>
    <wp:meta_key>_wp_attached_file</wp:meta_key>
    <wp:meta_value><![CDATA[/home/wpcom/public_html/wp-content/blogs.dir/01b/233964207/files/2024/06/home-1.jpg]]></wp:meta_value>
  </wp:postmeta>
  <wp:postmeta>
    <wp:meta_key>_wp_attachment_metadata</wp:meta_key>
    <wp:meta_value><![CDATA[a:6:{s:5:"width";i:1920;s:6:"height";i:1080;s:4:"file";s:83:"/home/wpcom/public_html/wp-content/blogs.dir/01b/233964207/files/2024/06/home-1.jpg";s:8:"filesize";i:269255;s:5:"sizes";a:0:{}s:10:"image_meta";a:12:{s:8:"aperture";s:1:"0";s:6:"credit";s:0:"";s:6:"camera";s:0:"";s:7:"caption";s:0:"";s:17:"created_timestamp";s:1:"0";s:9:"copyright";s:0:"";s:12:"focal_length";s:1:"0";s:3:"iso";s:1:"0";s:13:"shutter_speed";s:1:"0";s:5:"title";s:0:"";s:11:"orientation";s:1:"0";s:8:"keywords";a:0:{}}}]]></wp:meta_value>
  </wp:postmeta>
</item>
<item>
  <title><![CDATA[QQ截图20240508003400]]></title>
  <link>https://qingbotsgedu.wordpress.com/contact-us/qq%e6%88%aa%e5%9b%be20240508003400/</link>
  <pubDate>Fri, 28 Jun 2024 09:11:30 +0000</pubDate>
  <dc:creator>qingbotan</dc:creator>
  <guid isPermaLink="false">http://qingbotsgedu.files.wordpress.com/2024/06/qqe688aae59bbe20240508003400.png</guid>
  <description/>
  <content:encoded><![CDATA[]]></content:encoded>
  <excerpt:encoded><![CDATA[]]></excerpt:encoded>
  <wp:post_id>47</wp:post_id>
  <wp:post_date>2024-06-28 17:11:30</wp:post_date>
  <wp:post_date_gmt>2024-06-28 09:11:30</wp:post_date_gmt>
  <wp:post_modified>2024-06-28 17:11:30</wp:post_modified>
  <wp:post_modified_gmt>2024-06-28 09:11:30</wp:post_modified_gmt>
  <wp:comment_status>open</wp:comment_status>
  <wp:ping_status>closed</wp:ping_status>
  <wp:post_name>qq%e6%88%aa%e5%9b%be20240508003400</wp:post_name>
  <wp:status>inherit</wp:status>
  <wp:post_parent>18</wp:post_parent>
  <wp:menu_order>0</wp:menu_order>
  <wp:post_type>attachment</wp:post_type>
  <wp:post_password/>
  <wp:is_sticky>0</wp:is_sticky>
  <wp:attachment_url>https://qingbotsgedu.wordpress.com/wp-content/uploads/2024/06/qqe688aae59bbe20240508003400.png</wp:attachment_url>
  <wp:postmeta>
    <wp:meta_key>_wp_attached_file</wp:meta_key>
    <wp:meta_value><![CDATA[/home/wpcom/public_html/wp-content/blogs.dir/01b/233964207/files/2024/06/qqe688aae59bbe20240508003400.png]]></wp:meta_value>
  </wp:postmeta>
  <wp:postmeta>
    <wp:meta_key>_wp_attachment_metadata</wp:meta_key>
    <wp:meta_value><![CDATA[a:6:{s:5:"width";i:788;s:6:"height";i:905;s:4:"file";s:105:"/home/wpcom/public_html/wp-content/blogs.dir/01b/233964207/files/2024/06/qqe688aae59bbe20240508003400.png";s:8:"filesize";i:557959;s:5:"sizes";a:0:{}s:10:"image_meta";a:12:{s:8:"aperture";s:1:"0";s:6:"credit";s:0:"";s:6:"camera";s:0:"";s:7:"caption";s:0:"";s:17:"created_timestamp";s:1:"0";s:9:"copyright";s:0:"";s:12:"focal_length";s:1:"0";s:3:"iso";s:1:"0";s:13:"shutter_speed";s:1:"0";s:5:"title";s:0:"";s:11:"orientation";s:1:"0";s:8:"keywords";a:0:{}}}]]></wp:meta_value>
  </wp:postmeta>
</item>
  </channel>
</rss>
